email,password,academic_field_id,GPA,work,short_break,long_break
drofe0@csmonitor.com,Ewq397oiYx,5,98.8,40,1,19
rwimpey1@freewebs.com,iTEkFyRzU5n,3,73.4,43,5,30
gparkin2@timesonline.co.uk,D3XuYS,4,91.4,42,3,21
acrocker3@cocolog-nifty.com,ZWSSfY3zu,6,68.3,32,5,23
lsully4@cbc.ca,9cSdTbeb,10,67.9,22,7,26
ncleobury5@phpbb.com,gdd5vd,8,82.1,45,3,26
kleckie6@nymag.com,ylU6tl,7,88.3,24,5,27
csamson7@netlog.com,Tx7relvh7,9,67.3,35,4,11
ldanzig8@so-net.ne.jp,ZaqoEippo0b,4,68.4,38,1,17
mfawke9@seattletimes.com,A0CIfGUNW7,7,67.1,47,1,17
mmuroa@webnode.com,mdxceu0Cn1n,1,72.6,43,4,15
jmograb@dedecms.com,1gFB1C,11,71.8,50,1,24
wnoquetc@g.co,RHG5hAkq,12,99.3,34,3,16
dempletond@umich.edu,NkBud6o1R,4,77.3,42,1,19
mbosmae@histats.com,FJ0QPc,3,87.7,28,4,10
droosonf@themeforest.net,9uSLEUu,2,81.7,29,6,15
bteglerg@photobucket.com,bluFfRsELJE,12,94.6,50,4,27
pizzath@bravesites.com,KuyA5O,5,68,23,5,17
eyelyashevi@omniture.com,ZPSsg0aXeJ,8,70.6,27,7,18
nrossonj@state.tx.us,7YnJnBnx,6,77.2,46,1,15
adarbenk@wp.com,elUUUvguK,6,67.7,34,3,16
rrossl@hhs.gov,ssPAxK,8,75.4,49,7,19
fpetracchim@foxnews.com,7KnVDTMu3Ab,8,71.9,37,5,20
ojedrzejewskin@skype.com,l3q4Dhwu6GR,9,95.9,47,2,29
saseeo@shareasale.com,OJdd7S,4,90.5,22,6,18
jdouchp@flickr.com,IWXN7fkgDs,7,74.9,29,5,23
amcnessq@github.com,vdtFXIqq,11,82.2,43,4,19
mgorriessenr@mayoclinic.com,r6mYHWNECi,11,72.9,26,1,28
narmors@cpanel.net,pQ4yRYj,10,73,42,1,16
mblaschekt@stumbleupon.com,XRsUq7Rt6OfA,7,86.6,29,3,23
cerrickeru@amazon.com,xZjggvt,1,69.2,49,6,29
kkingswoldv@nationalgeographic.com,Z5jMLl,10,74.8,38,7,11
rtompsettw@google.com.br,W2Sun8,1,91.9,46,1,18
gguiverx@huffingtonpost.com,Q2kZoUUPVem,12,83.3,33,4,17
mtarberty@google.co.uk,E8rlaqkO2,5,77.6,41,7,26
shammerz@comcast.net,ZRPMZBhvUtO,11,70.5,22,5,23
ddytham10@friendfeed.com,W7obz9gb,7,83.1,28,3,17
wcourcey11@wordpress.org,0HxRZN4dNVKC,4,81.5,45,6,15
afedorski12@opensource.org,BTALQw1T,9,75.3,47,6,13
agentry13@deliciousdays.com,qr7cIn5gp,2,97.9,37,1,18
sovernell14@unesco.org,oXx9FV8,1,93.1,36,4,29
lcuncarr15@bloomberg.com,KNfa1bi,10,83.4,43,6,29
bdoogue16@ibm.com,sXMmcG,9,85,46,4,10
baronowicz17@twitter.com,HnreG9TQUJLX,3,88.6,43,6,16
rlambshine18@ovh.net,aiy88PpD8,3,75.3,30,7,28
obruck19@who.int,lIzYys5uiD,8,70.9,46,6,20
hbeardon1a@weebly.com,BmjFDEZ,6,85.3,32,3,17
nzemler1b@goodreads.com,pwt4vrzWG,9,67.8,44,2,20
asizland1c@printfriendly.com,qpIz1JT76o,3,74.7,46,1,29
ithroughton1d@feedburner.com,wkee0SOM,2,95.1,24,1,28
phayesman1e@google.es,y7jRkYNelXfr,8,86.5,20,5,10
akilmaster1f@digg.com,1O9BP95,5,78.4,50,1,12
msoares1g@skype.com,yMLTRB,11,84.7,31,7,24
rballs1h@mit.edu,Ve5zIXHTo,2,80.2,32,6,23
jmacgown1i@youtube.com,GuwpXTAa,9,90.3,49,6,22
afrostdick1j@lycos.com,glJkjpZ3n3W,11,71.1,33,6,23
bchaperlin1k@slideshare.net,rzBh65Jp7,11,88.5,45,3,22
rmeeson1l@japanpost.jp,KNpjFTXrT0,7,73.1,23,5,12
ftrippett1m@fema.gov,m4vkQzBB,8,78.8,48,6,25
shackley1n@privacy.gov.au,xwOjNq,6,80.4,37,7,21
smixture1o@woothemes.com,KZVB2Fe8,7,77.4,42,4,13
vgallatly1p@weather.com,H04nks5NHZh,9,84.6,47,3,17
kgunny1q@studiopress.com,HTQuSs,9,99,22,6,27
gstedmond1r@seesaa.net,JhzW7S0,5,74.1,32,3,22
dtratton1s@usa.gov,05bS9yr6Xg,9,88.9,25,1,18
mleipelt1t@unc.edu,NMUVhbNmn,2,67.5,41,6,23
jraw1u@bloglovin.com,xMCnn5,7,92.5,44,5,12
praisbeck1v@paginegialle.it,m19FMUDGs6,1,96.3,47,1,23
soverill1w@unc.edu,7pqgKq6n5a0D,3,93,27,4,24
igebhard1x@elegantthemes.com,amKfJPCj,11,90.3,48,5,13
dmitroshinov1y@weibo.com,OEpCuXCGk6N9,11,87.1,38,4,13
dmacillrick1z@mediafire.com,Xr461MFUHV,6,72.8,24,1,21
jpeppett20@google.cn,lrebAyX,3,92,38,4,16
tkinnane21@comcast.net,6noau2yhc2,8,85.9,43,5,17
afoulgham22@newyorker.com,8dePhhHDo,11,95.5,36,6,12
lhartas23@gov.uk,WlvtReRwIM,12,75.2,21,7,26
mchisman24@nytimes.com,U8YnhXkw,12,90.8,42,6,16
snix25@xrea.com,J2fo2A,12,70.6,22,3,20
eboylund26@sourceforge.net,tZ442BqyL,8,82.8,25,3,11
dkingscote27@toplist.cz,4Wt4wVcLb0Wc,6,96.2,37,4,21
agulberg28@flavors.me,DDjdkZKtPb,7,69.4,46,7,25
bsharpless29@tinypic.com,imi7Y2cYE,5,87.1,36,3,15
mfarmer2a@state.tx.us,kcEdVOxb,8,71.4,48,2,14
nmcgruar2b@cargocollective.com,M6zSVl,8,74.3,20,4,16
smosen2c@paginegialle.it,5rEFZyOppo,5,81.5,20,3,24
amacgauhy2d@posterous.com,mWp6H1aPkO,5,69.2,47,7,22
msherwood2e@washingtonpost.com,guvnmGB,10,98.3,48,7,10
lgoodier2f@wordpress.org,q0v90W0IQcl,7,81.9,33,2,29
cvischi2g@foxnews.com,KhSDaFr,5,82.9,21,5,16
thaily2h@usda.gov,wurNQfVnZo,1,99.8,40,3,26
bloadsman2i@bbc.co.uk,IX1a67hFc5m,3,84.4,32,7,18
nmathey2j@stumbleupon.com,lVauSZqdE,8,93.7,44,5,23
jmumm2k@etsy.com,ISQPkPPne4b4,11,76.9,47,5,10
jshortcliffe2l@weather.com,CHPS3KQCNl,2,81.5,44,7,23
jharradence2m@plala.or.jp,ClRJHq,7,76.2,49,4,15
hgubbin2n@mozilla.org,oIBmANPKvMLD,2,93.3,44,5,12
sdeekes2o@webnode.com,qPtquTEZ,5,72.6,41,2,19
trampton2p@columbia.edu,yCrzglYL0SGA,10,93.3,43,4,16
mphilcox2q@ucsd.edu,2vhipk,2,82.5,47,5,25
ppoole2r@springer.com,bYcsJn5eCRs,7,84.8,40,5,14
lshillitoe2s@godaddy.com,sOJ4VMBo99,5,92.3,27,6,11
cpowling2t@nba.com,hGBQZH,8,68.8,24,2,26
taskin2u@wiley.com,CPcZgrvkg,10,75.4,25,1,26
deardley2v@umn.edu,O5vd4qoA6pSx,4,86.7,32,5,24
bblois2w@cyberchimps.com,BB2qoOn7,11,98.5,27,6,30
bkochel2x@ustream.tv,aml7UR,10,69.3,20,5,25
mhickisson2y@wunderground.com,Aj3a1zMqkK,2,94.4,33,6,10
gbradneck2z@bloomberg.com,wsmk2V,12,91.4,42,1,23
saird30@domainmarket.com,rxIY4uieNV,1,72,34,1,29
egyurko31@elegantthemes.com,Kw2jUF,4,76.6,44,5,23
ptrattles32@macromedia.com,DEwmu5ymzN,1,97.2,49,7,17
obau33@phoca.cz,9iIf2iGxrJ,8,91.9,20,6,23
cmansfield34@goo.ne.jp,J8j2iRpzpYiz,2,83.4,41,6,27
rpidon35@so-net.ne.jp,Y8ONFONh,9,73.5,36,2,22
rarmal36@list-manage.com,PS7A5ow,5,86.2,32,4,21
sdawidsohn37@apple.com,dllizmR,2,91.6,37,4,11
ajosland38@infoseek.co.jp,gxLGNEqVKNr,11,78.3,38,7,10
ktilne39@auda.org.au,23QK5EV,2,92,30,5,24
lreach3a@whitehouse.gov,yzukBIh,11,79.6,37,3,29
bcrassweller3b@alibaba.com,SUw0c4B3pY,1,79.8,38,2,15
ndorricott3c@clickbank.net,pjAaosN,11,86.8,30,2,28
steligin3d@bigcartel.com,zK6HVtiBhiMZ,8,92.5,21,4,14
cpryke3e@earthlink.net,3P5643IWM,3,87.8,39,7,10
gnabbs3f@oracle.com,ctnVjI,12,73.5,35,5,22
otooting3g@google.pl,Hz0FSEil79w,5,76.3,37,7,15
pcassells3h@yellowbook.com,PsvWbS,10,89.1,49,6,11
rtolland3i@google.de,S6CiSrJCmQ,7,85.9,30,2,21
gdavitashvili3j@netscape.com,9oT30czUKM,1,94.2,44,1,26
mredwall3k@si.edu,rTBraF,3,70,23,5,25
bmatusevich3l@foxnews.com,suz6um,5,91.1,26,2,22
qleftly3m@jalbum.net,7v8BBK1,6,84.7,36,6,25
bkeyson3n@hostgator.com,eMqI0n6vcHE,7,81.1,26,7,24
atorra3o@youtube.com,XXfT8KKh,2,79.5,35,4,20
bpieche3p@t-online.de,CDq5zl,10,69,22,7,26
gcannings3q@yahoo.co.jp,paTKE5Iw5,5,94.1,21,4,18
hmorritt3r@furl.net,qE5Y9CagFM,1,91.4,20,3,10
dlutz3s@nba.com,187EUWa8Yw,5,84.6,33,3,25
mvicarey3t@globo.com,ZI0h05K,10,78,22,5,26
kpaye3u@homestead.com,0Mh0vR,11,85.8,20,3,16
ckopf3v@scribd.com,oaq8Dq,10,73.5,36,2,25
rgleaves3w@over-blog.com,FCM58XD3bJ2K,11,95,28,2,25
apachta3x@amazon.com,zrfNozqkVy8I,11,92.6,40,5,13
cjouanny3y@nymag.com,xzIoYKMJMf,6,96.1,31,4,12
cfostersmith3z@weebly.com,jloq0V7NVx,2,99.5,45,1,26
prealph40@tinypic.com,hVNFcX,9,76.1,48,2,19
delleyne41@shutterfly.com,0bqjD9k8htJ,1,95.1,48,3,28
gcrosseland42@jugem.jp,5LV23kX,2,89.6,22,5,28
carundell43@angelfire.com,Km3em5,5,71.9,45,4,24
ksyder44@tiny.cc,vmKPupQ,4,84.8,48,5,15
vbenko45@aol.com,hnIV8fCH3xH,1,76.8,35,2,10
icancellario46@digg.com,oj54w8qip,11,78.1,34,6,18
mstitcher47@hc360.com,dmY9CIj2ST,1,72.2,44,1,14
tdanielski48@networkadvertising.org,GFQhZCD3fJL,12,87.3,20,6,27
cmcbryde49@linkedin.com,7w7rRbjQOb,4,71.3,29,4,22
swareing4a@clickbank.net,NQ428Xjw,8,68.4,36,2,29
jstoakes4b@yale.edu,478Q13YNtYy,9,82.5,47,2,27
rmawer4c@who.int,0G3iQO,6,98.4,35,4,21
jorto4d@msn.com,IauE0ov,9,92.9,26,4,11
lbrognot4e@pen.io,KHFlOpK2o,3,92.6,27,2,27
lstathers4f@about.com,qJe7lvYazy,6,69.2,47,4,12
bjurek4g@yelp.com,8RtK3uVY79,11,99.9,38,4,21
gdewfall4h@arstechnica.com,oXXPH21,11,78.5,23,3,23
ssehorsch4i@msu.edu,8UjxMVtPLyJd,12,71.8,33,7,23
econnold4j@wired.com,92PKYwTj5,11,81.7,45,6,10
selston4k@shinystat.com,psJfmy8hdLm,8,77.6,20,5,12
kmcgreay4l@csmonitor.com,0eUgBK5qvG,4,91.8,34,7,12
jpresdee4m@chicagotribune.com,wda2LzDNCSmh,7,85.3,49,6,16
tjurisic4n@cdc.gov,FRBmkfzl,2,91.4,45,3,22
hmounch4o@hud.gov,VMSUYsWDHKuZ,12,99,47,2,27
pmerrisson4p@wikia.com,aFscXQz756Pd,8,72.4,35,6,24
lthirtle4q@wisc.edu,HVTIFvQgj1Q5,12,91.4,45,7,17
afelix4r@go.com,gQ5Qizm,6,78.3,21,2,20
gtellesson4s@bbb.org,oxvUIHxIcqXb,8,97.6,48,3,23
bdoelle4t@xrea.com,qZmygyB8pA,8,89.5,39,7,23
ghealeas4u@gnu.org,dm8ZMJd,10,88.1,37,5,12
rpavlitschek4v@g.co,APb4MOQP,2,83,22,3,28
bgarrard4w@drupal.org,tpwxYMhWu,11,88.2,45,3,10
nsuttaby4x@whitehouse.gov,K4ecUI,12,93.7,38,4,22
cmccomb4y@mediafire.com,2JQOnDvbvPNQ,2,79.7,39,5,27
tswatridge4z@mediafire.com,sgyhQk1zqHvU,8,97.6,49,2,18
emateuszczyk50@house.gov,18CkNfakpaKX,11,81.6,43,2,17
neate51@live.com,eP597qeY,10,96.1,32,2,27
kleheude52@guardian.co.uk,GZidf5mbFM,8,69.9,49,4,17
lhenaughan53@baidu.com,q4tymoNShXT,3,96.9,34,6,25
zvlies54@jigsy.com,L8BNwi6ddBw,11,81.8,34,2,21
nnorman55@uol.com.br,DJG8vL8FGNVh,6,96.7,24,4,27
sblasiak56@geocities.com,noECiitlhYHL,5,79.5,34,4,16
hbutters57@kickstarter.com,PhW1koXIpqHi,11,75.7,48,2,17
rbelson58@constantcontact.com,RzQsc3Pd4,7,69.6,48,6,16
nwiddowson59@dyndns.org,eYBCxKwcWWxK,4,81.9,31,3,28
fmulder5a@hugedomains.com,AIcsbodtIokj,1,87.3,43,6,25
mporcher5b@cam.ac.uk,pDS0R3G78,11,69.7,28,7,19
jgoldenofireland5c@boston.com,Nl6pTq99,9,99.9,31,5,24
bandriulis5d@blinklist.com,JaeDZGaZzxBp,11,75.6,41,4,26
gmoreno5e@freewebs.com,h87T4lb,12,79.1,46,5,24
lmcmickan5f@constantcontact.com,AbEgI3,9,90.4,42,1,10
srosedale5g@nyu.edu,q6h7hMCHiX,10,77.3,36,6,23
hsimm5h@yellowbook.com,NEPPZsCun,10,68.3,40,3,24
umcwhirter5i@utexas.edu,FK6KSY1T3w8,4,99.1,27,2,10
hbiernacki5j@furl.net,6lhzGvCs99,3,76.2,20,5,15
mgeaney5k@flickr.com,uiRI4q4ivUU,11,79.4,29,6,17
nsymcox5l@latimes.com,Dirx59ZE,2,97.2,34,7,25
agoodall5m@github.com,PPN29Is,12,99,24,3,23
mbiggins5n@msn.com,Pzob3AnoHwTq,7,85.4,46,7,16
gdumberell5o@storify.com,zZDKqBd,8,84.2,35,6,12
aconachy5p@myspace.com,ZEr64qAY,1,99.4,38,3,14
ccunningham5q@weebly.com,xpBSAKNmI,9,71.1,26,5,10
tbortolini5r@ed.gov,AKM3uezRrO,12,94.2,49,6,13
mfearnehough5s@uiuc.edu,EqL7wyXZ,3,85.8,29,2,15
mgullen5t@indiatimes.com,D9rkHnLaCy,11,91.1,44,2,25
vplace5u@fotki.com,tt6mUBHQvP,3,75.3,28,1,19
rcraine5v@rakuten.co.jp,gaskZqh,1,99.1,31,1,29
sserjent5w@aol.com,jGF4kuRD,4,82.9,37,1,29
smitrikhin5x@engadget.com,yVx3H9kYNPiN,4,93.6,43,1,16
ibertlin5y@facebook.com,LgbF7CPvlghm,3,67.5,50,3,17
bpicknett5z@wix.com,Lguz1R,1,90,22,2,27
cbarock60@mlb.com,fvLpiiv,11,74,30,1,27
hbaxter61@moonfruit.com,idplESfchfgD,12,69.6,50,4,25
mdugue62@senate.gov,V3lWluCH,7,73,43,3,14
eshaughnessy63@seesaa.net,bGSuGMAB7qJ,7,69.4,31,5,17
llillo64@indiegogo.com,6wyhGUj,6,74.6,28,1,11
neveriss65@vinaora.com,NE1tv7nLfxE,9,99.1,45,2,23
lrosenfelt66@linkedin.com,cKeYUR,7,80.9,42,2,18
areggiani67@storify.com,pjllRGA0,12,89.6,26,5,21
dlaidlaw68@hostgator.com,NVjXk9ttgF,10,87.5,30,1,27
jsawkin69@theglobeandmail.com,hmj8OiCmZQw,5,85.1,26,7,15
dkittow6a@phoca.cz,coLckAK,3,92,22,5,30
mweaver6b@blinklist.com,LSv3c8f9B9,11,68.7,45,4,12
eseiler6c@is.gd,aUfmqhrH,12,91.9,44,4,19
mjeffress6d@redcross.org,x3iPyJbghsj,4,95.1,34,6,20
rmaccafferky6e@skype.com,vdvy1S7,10,79.6,35,6,24
vstudart6f@dmoz.org,CzZ887HG,12,71.9,30,7,21
mburdytt6g@auda.org.au,zGmkAgde,9,93.6,31,4,21
sschall6h@cbslocal.com,MdFgjLOhFv,7,82.7,25,5,21
csergeaunt6i@alibaba.com,ZLmZEihg5i,12,69.4,25,4,15
wmckendo6j@sakura.ne.jp,X0W69K0r,10,80.2,34,4,15
klinay6k@examiner.com,O3y2ebYEqmy,3,80.3,24,2,24
agoldsberry6l@g.co,JGGBzvJQ4CW0,5,80.2,22,5,17
aguilaem6m@vimeo.com,b3mnac6,2,70.6,30,1,28
gwesley6n@go.com,YqUh5r196kW,12,88.4,38,6,19
skeese6o@buzzfeed.com,rKy4vK2,3,97.3,46,3,22
rudale6p@phoca.cz,4UYZEk1hzDhk,4,95,22,2,29
lclements6q@rambler.ru,wYWnXCfqTlI,2,80.8,50,4,17
khyam6r@illinois.edu,xnt1DK,10,74.9,20,1,10
adelany6s@reference.com,Su7EoAzDQssS,4,90.6,43,5,21
lolsen6t@hc360.com,vJAFeHc,5,71.1,32,5,26
celiasen6u@purevolume.com,786nPEigK,4,87,21,3,24
mralls6v@ihg.com,5lOUQsKChmxl,4,85,40,4,12
sabrahamoff6w@hostgator.com,aUw26HcLavW,6,93,47,4,24
gdouty6x@hatena.ne.jp,g0YDKta,2,85.9,47,7,23
slouis6y@multiply.com,bAFe3WliDuP,3,70,23,7,19
bslowgrove6z@google.cn,dtZvCad3,11,78,39,3,21
myitzovitz70@chron.com,WDL3SUqz3nk,7,68.5,50,6,19
mfulloway71@exblog.jp,tOUfZz,8,99,39,2,29
vfreyne72@youtube.com,5rH0ty,11,86.3,23,6,26
stabourin73@independent.co.uk,CUbY80P,6,84.5,27,7,15
bspelsbury74@mtv.com,cdR95agr6,3,77.3,49,6,26
ahattam75@w3.org,ts12fwS,9,86.4,43,6,20
lmcclinton76@bing.com,BqcTBk12xr,4,99.9,26,2,24
acopper77@t.co,dYrDYd2CBxKy,8,95.9,48,7,12
gballantyne78@prnewswire.com,F7V1RhXMcf2,1,88,42,1,12
vbraxay79@squarespace.com,EyJkliPKbB,3,72.1,37,7,24
jeke7a@is.gd,suHfJy4Qzs05,4,85.8,30,2,12
cmarchington7b@cbc.ca,x0tlBXg4fv,12,69.2,49,2,10
adurrett7c@forbes.com,P5CQidiIwvWn,10,94.9,27,1,13
opowdrell7d@tinypic.com,w8dFlqGn,4,72.3,25,6,28
cbalding7e@wikimedia.org,v283YZiq,1,93.9,28,5,22
wkondratenko7f@miibeian.gov.cn,jr73RzeMY,12,98.8,34,6,23
dclowton7g@jiathis.com,eWDHRXFj82,10,86.8,25,2,25
dcoulthurst7h@pen.io,fb6JuYnQF,10,83.1,50,4,24
emcdoual7i@storify.com,u7ygM2BWH8bW,2,97.9,22,1,18
bgremain7j@ustream.tv,5NsSXpim,6,79.2,38,5,14
emaultby7k@reference.com,NivbdzwCiM2r,12,93.5,44,5,15
mmcarley7l@bluehost.com,838KwxmuEn7w,12,79.1,27,4,24
aelphey7m@dion.ne.jp,vjXiuPYpgzp,11,99.2,34,6,27
jbence7n@redcross.org,Yffh0KUPSC,4,83.2,23,7,30
dkalaher7o@angelfire.com,SF6KBi,5,95.5,48,1,24
vtillerton7p@blog.com,EQbAzCobrT,12,74.9,39,5,23
sffoulkes7q@google.nl,b5pLqPjUa,5,94.9,23,1,14
fmacaskill7r@tripod.com,7N0mLpj6pwA,4,88,30,2,29
rdanes7s@latimes.com,SHGcVYyMv,10,91.1,36,4,26
cgyorffy7t@bandcamp.com,hi3oNDjCQdn,2,91.5,50,6,16
emclean7u@cdbaby.com,f5gqPKpC42zL,1,88.9,42,3,28
ihyder7v@mtv.com,NBD8zYndV5LU,10,76.1,33,4,24
panselmi7w@marketwatch.com,e3zbYj,10,93.4,30,6,25
dnapoleon7x@godaddy.com,b1W1ntpBRY,2,78.7,41,2,19
rjeger7y@statcounter.com,tcOB6xJ,5,94.7,30,7,11
gree7z@phoca.cz,tCyeTs,5,86.4,38,6,24
ctock80@skyrock.com,XPm0Tm,10,85.9,44,4,18
moshea81@themeforest.net,KPlp46tf,1,86.6,21,4,14
dfrediani82@slate.com,n7y6Rd,4,74.9,23,5,27
twillishire83@ebay.com,KmoX2k,10,98.4,22,7,11
svasichev84@gnu.org,i5OxhidLbRs,10,84.5,23,7,20
mgynn85@ow.ly,JezuWbXtVPh,11,75,49,6,25
swormstone86@mysql.com,usBixwv1UfzU,2,88.5,37,1,21
wkitson87@usnews.com,baiuwH7kMg,4,77.4,43,4,16
ialster88@mail.ru,Mba6D4zoY5D,2,74.6,25,5,13
mgoldsmith89@nifty.com,mBifciIzmF,8,71.8,39,4,15
peefting8a@yale.edu,9TPGbGAm0xLU,7,87.4,38,3,14
oduckerin8b@princeton.edu,SscT3Bre3LYZ,5,71.2,20,6,14
wmccaster8c@dagondesign.com,iKlVzhWpoES,9,83.2,23,6,19
jmackinnon8d@patch.com,xNyZB9FgQ,8,82.2,30,6,24
iableson8e@mediafire.com,xrera7P8SOYM,6,96.1,45,2,28
lperegrine8f@paginegialle.it,96wnjl,9,78,24,7,10
jhelversen8g@google.com.hk,HtSub0QMVQb,4,69.6,44,1,12
lbernardez8h@scribd.com,tRv2Uy,8,86.6,40,1,17
cgreve8i@yolasite.com,xSf45D1,2,99.5,46,5,14
eleivers8j@nydailynews.com,nJuJh4d5PV,3,77.9,24,7,10
wdestoop8k@ed.gov,qFuvP34y4nc,7,89.8,22,2,24
edevey8l@devhub.com,BXykYl6,2,84.5,20,7,26
ckitt8m@umich.edu,ZyO12BP5BP,2,68.6,45,2,12
kliddicoat8n@java.com,e8jnGgh,5,91.9,43,6,18
egroucock8o@dedecms.com,Abrp3nPl,8,69.4,41,5,15
dmacallister8p@miibeian.gov.cn,jUdqEFxllBXo,9,82.6,46,4,15
dseyfart8q@kickstarter.com,EiU8q985,6,83.8,24,3,27
lkliemann8r@sbwire.com,edEg0t,9,71.9,24,6,26
dcamps8s@wiley.com,GeoLUThDd,11,74.5,30,4,29
ccalafate8t@hexun.com,nk80ON7V,3,74.1,45,3,14
morgan8u@who.int,BQrk1vYBpXEH,4,84.6,26,7,13
mhayhow8v@freewebs.com,GCZ32Tbw,10,76.9,21,2,23
ndowden8w@goo.ne.jp,xXuYNDC,12,99.3,28,2,15
ebeddoe8x@google.es,4jpWJ6qeOIq,9,98.4,38,2,13
obalducci8y@scribd.com,GcyN7sO,2,96.6,33,7,16
rcropton8z@addthis.com,IoixEdwtZt,12,97,41,5,30
fgueste90@narod.ru,Rqnsi7oQfO,4,68.3,20,3,15
fblaydes91@bloglovin.com,eyCX1ML,7,90.8,40,1,20
efrancillo92@buzzfeed.com,zraDXfX2EPZG,7,85.7,49,5,13
wbaltrushaitis93@comcast.net,rXXaAVqfp5l,12,76.2,42,2,20
lbartoloma94@shinystat.com,LJsBXHCirx,6,76.3,36,2,23
dsanham95@hatena.ne.jp,DDAlAYrz,6,86.4,30,1,21
rcarnihan96@chicagotribune.com,pUGbDnN,7,85.2,35,3,12
vthurling97@twitter.com,HtwFrHx,10,74.5,34,3,19
jcastelain98@techcrunch.com,mCyInRZlE,12,89,27,1,25
rdevlin99@mit.edu,NbzHils,12,89.9,46,5,13
nhantusch9a@youtube.com,GQsQb7rSnf,12,97.4,45,6,26
afrost9b@gnu.org,mhBPVfUnM,12,84.4,27,6,17
eplayford9c@nasa.gov,K5XSHb8JhdDJ,8,77.6,23,3,14
hwedgbrow9d@hao123.com,m8kUt2YpG2l,9,92.1,50,2,13
sdaly9e@fc2.com,M0kDcBt,5,83,43,2,20
mitzkov9f@icio.us,NTvNXd0fiJ3w,1,93.7,31,1,11
dlarwell9g@bizjournals.com,7P6eo6hrrBa,10,92.2,49,5,21
tkyllford9h@wired.com,QK3FuIvQ,5,95.9,46,7,10
jmayhow9i@tiny.cc,WzP93DZZ7r8,4,71.4,32,4,20
lkochel9j@cisco.com,eqSuFMx,9,76,49,2,18
spaterno9k@thetimes.co.uk,F22RqIkb6,11,68.7,35,2,15
mbestwerthick9l@imageshack.us,K9KmmL,8,98.7,37,6,14
dduker9m@ebay.com,6R5MXmYPxHxX,10,88.7,48,5,15
ddilland9n@hostgator.com,jAuuAiE,12,79.9,47,5,20
kdudson9o@tripod.com,BQUEScRjV3,2,70.4,41,4,17
lstambridge9p@apple.com,MHMPCTAQ,11,81.9,20,4,25
tmoulsdall9q@liveinternet.ru,jemu1hEO,11,73.3,22,6,23
inoakes9r@shinystat.com,Myp6QL6mrgf,3,97.9,41,1,27
kitzkov9s@imgur.com,sUeeuc4k,6,93.5,34,4,25
kelbourn9t@last.fm,la66QJW,5,73.2,37,5,18
asylvaine9u@feedburner.com,yB7aP2,8,88.8,24,4,28
famori9v@booking.com,lkka9pef95,1,89,50,2,16
cblacktin9w@nydailynews.com,tLPoYwF,11,90.8,35,7,29
hkrysiak9x@shutterfly.com,uJEhJKOaq,2,85.1,46,1,20
ademarchi9y@howstuffworks.com,nGP8NKDSUT,7,93.2,32,4,11
mcamilletti9z@geocities.com,LPAKYL,10,88.1,40,4,12
kmitchleya0@ycombinator.com,yxYacDZ8Eh,6,83.8,22,5,11
tambroscha1@ning.com,3z9FMNxl48,7,69.6,27,3,25
cvalancea2@hibu.com,Ri7MB9ZkmYV,12,87.2,33,2,17
fosbana3@github.com,gakXBP7r,3,69.6,27,4,13
lkaleya4@mashable.com,dkEoP6z,5,71.9,29,2,21
clambertsona5@yandex.ru,2qtr6yI,3,96.3,31,6,11
kdowyera6@seesaa.net,yMge4xlQn9,3,84.3,36,4,17
mbranchflowera7@woothemes.com,bnAL91RD,2,68.7,44,7,18
eavrahma8@shareasale.com,RqonFF7TIR,9,75.1,30,2,23
pevisona9@wp.com,Lzr57oVXS,6,74.9,50,5,18
rpolferaa@mayoclinic.com,P6OlkDV,10,92.4,30,7,23
ujuhrukeab@xinhuanet.com,vtbSGuceSd7d,7,84.2,39,4,26
diornsac@geocities.jp,buiy5pLpuD9,10,81.1,33,6,27
pnormavillead@nationalgeographic.com,KoqUIsbb6,1,82.4,33,4,25
gzaniolettiae@comsenz.com,MqIY9QmUI,5,88.1,31,7,17
hbeekmannaf@army.mil,J01gQ1,11,89.9,46,1,10
sdrinanag@yolasite.com,R5XwXrKZdGgr,12,77.3,28,4,12
jferbracheah@xing.com,Phr0mtdLePKH,10,88.5,50,6,11
cbartrapai@cnbc.com,XcT5Jn9,4,71.9,28,5,27
abellamaj@yolasite.com,3fESLX7yW8mE,11,78.1,28,2,26
kgarattyak@auda.org.au,WsBBQMPn8,12,98.9,27,7,17
mferronal@unicef.org,gJI5mYy,2,99.1,37,5,10
ldehoogeam@merriam-webster.com,CqiqVIzc0dr,10,68.4,23,6,20
jbrutyan@skyrock.com,hrFtl1j,10,90.2,31,3,16
cwerrilowao@sohu.com,pdA3rwWKqR,5,81.8,45,6,13
jdudsonap@telegraph.co.uk,fBDSlc,3,94.5,23,7,12
rsimoneauaq@joomla.org,aCZ0ucA4e,1,83.6,42,6,22
jsabbatierar@salon.com,t1D2v5N,11,98.3,44,1,29
vturbatas@scribd.com,CO2mjy,8,94.7,50,1,12
rdaytonat@moonfruit.com,2RNrKYAmfqxt,8,96.3,20,1,26
ipaddieau@boston.com,EPyKtB0,7,84.1,29,7,15
cwickendenav@thetimes.co.uk,17dCyxPp,8,99.1,25,4,30
bscattergoodaw@ft.com,8wzKhMC,10,96.7,31,3,27
dnorsterax@indiatimes.com,41O3rl,7,83.8,28,1,28
dclampeay@upenn.edu,2nfQCDG6FSHE,3,92.2,27,7,21
ecanavanaz@taobao.com,aCvzMsvSWq5x,5,81.3,47,7,27
rsuscensb0@google.com.br,5CNB34Qqd,6,73.6,23,7,10
fstegellb1@studiopress.com,dwPubIUoW,2,79.2,31,3,13
fsorsbieb2@e-recht24.de,F1ieb4k,4,73,31,5,21
eskokoeb3@google.es,MvMBthbWv2U,3,82.9,20,4,18
dbaldwinb4@wix.com,CGHrqh,9,93.3,43,4,24
umclaineb5@netvibes.com,9YsCkdNtsc7,9,99.8,34,2,23
gbruggerb6@scientificamerican.com,llU7DXYFY,10,87.2,23,7,20
mbrunellib7@diigo.com,pht5l5eD,4,96.6,38,6,16
rhousenb8@zimbio.com,Nh3bCabo,12,82,34,4,21
jizaacb9@cocolog-nifty.com,7ys7aLoNd,7,92.4,44,7,15
mmacginlayba@nba.com,My6q9N4b0,4,95.5,25,3,23
mdenidgebb@seesaa.net,7QY3APJ4YMi,9,93.8,44,1,21
asoaresbc@devhub.com,PxGBYOadxR71,9,83.4,20,5,15
rallixbd@wikipedia.org,XmQjUPa,2,85.9,23,5,12
bcovellebe@about.me,eq8pqP,5,99.5,49,7,21
lmccaffertybf@comcast.net,58sQXl,9,74.1,36,2,27
sleybanbg@economist.com,IqF1VxPdf1i,1,78.1,45,7,26
lgardbh@cyberchimps.com,iyS45l,7,71.8,20,7,27
cscamadenbi@yale.edu,il9Ym0XI,7,95.6,31,5,26
wouldcottbj@g.co,tshxl4Zne,4,69.4,30,5,23
alawrancebk@telegraph.co.uk,RvDYs03xgZ,5,83.8,44,4,26
hlivettbl@ebay.com,5Ilnm5fDfgS,8,72.2,22,2,17
tlorenzettibm@scribd.com,P2Ziz5bn3,8,80.3,29,4,11
vtallisbn@usa.gov,eClRNQmRv6t,11,81,43,4,12
bfrancklinbo@army.mil,u4caS9uaEdgi,8,90.6,23,7,22
jsnowdonbp@ox.ac.uk,zuh8w609d,12,75.8,27,7,18
cgolsbybq@tumblr.com,8MNRWtj,4,77.6,48,5,12
lpetrulisbr@apache.org,1HbZXzq,12,71.1,48,7,24
llowtherbs@studiopress.com,MmpAMI1LwrqO,11,94.9,40,4,24
mlevecquebt@ebay.co.uk,eyRvwd,10,87.5,23,6,27
ttathambu@guardian.co.uk,5kUAZlk,3,80,31,2,23
hbalselliebv@mac.com,CCpBYD,3,71.1,33,1,20
rsparshottbw@imgur.com,J56k9s,5,86.7,38,7,24
lmethvenbx@blog.com,AMSfMyC,7,85.5,38,1,24
mbehrendby@mapy.cz,rXw0MDgngsV9,3,88.3,34,3,28
bcleavesbz@nsw.gov.au,rrAiRZgM,7,81.5,26,5,10
kfilliskirkc0@jigsy.com,AMhYpMrxMCNl,2,80.6,31,6,19
kbillhamc1@phpbb.com,HiQPcSHO7,4,97.1,29,2,19
brainsburyc2@weather.com,7V3g4G,3,92.9,22,6,15
cpreshousc3@spiegel.de,BdhI1RtKjo4,7,93.8,32,3,21
kfyallc4@npr.org,HpCCiCOK8xnr,8,76.9,21,3,24
ivandervliesc5@tripod.com,b3ngwfW67Vj1,7,94.6,28,6,14
ctyddc6@nbcnews.com,MYkz6eu6HFiP,2,74.8,48,3,26
fkortc7@google.es,xBJfMkPg6j,7,85.8,35,7,23
mkediec8@samsung.com,N6CtuKJMERV4,10,76.8,42,2,26
rmcauleyc9@gizmodo.com,WuOasm,4,80,39,6,18
adezuanica@tmall.com,6kyfxe42,9,85,42,1,11
kbartkowiakcb@mac.com,Cq6laPU7,12,82.5,20,6,15
mbreitlingcc@paypal.com,33EuIuvU7JI,5,80.2,46,3,10
milymanovcd@gov.uk,A5l7nzZ6qf,3,91.9,24,5,29
mchannonce@dot.gov,cbuqx5zrEaF,12,87.9,49,4,19
labbacf@wordpress.com,f6qWs1Ts4BGs,11,85.3,27,7,12
ttomasellocg@aol.com,ca8FZUiBMgX,2,93.4,30,4,24
jtrengrousech@sitemeter.com,pROYVF1Y,1,71.7,26,2,22
nbuxyci@amazon.de,ttn3BlUcn9KK,1,91.7,38,5,12
kmingayecj@mapquest.com,PgACKjCdXoEZ,9,86.6,46,2,21
gmacksteadck@drupal.org,kJlrOuT,7,96.3,28,1,16
vhuetcl@cnbc.com,guOarOB,2,100,37,1,30
cdruittcm@php.net,DlitaLVCJ0q,11,67.2,36,3,30
tscarfcn@merriam-webster.com,2g7ZTwcQwSS,11,82.1,26,4,22
clandeauxco@pinterest.com,USSksmITurA9,4,99.8,27,7,10
kkeydencp@thetimes.co.uk,sh59zi4a,2,99.9,35,4,25
kashlingcq@si.edu,cFunkCIo,10,80.9,50,2,12
lchstneycr@ca.gov,c12ooXu,9,82,25,3,24
esheehancs@comcast.net,2gfiA4gx,9,68,21,2,29
dwyperct@icio.us,Mvmwd3,7,70.8,25,6,17
leacottcu@baidu.com,AP84H9,10,91.8,27,7,25
ftrevainscv@intel.com,Q0svy4GeI,3,70.1,31,5,12
dburrellcw@diigo.com,pkHt30KmJ,2,90.4,46,7,19
ejacobowitzcx@youtube.com,qJNC6syY,2,87.2,49,1,17
ssedwickcy@etsy.com,9KbxllQYAie,5,78.8,24,1,13
chowsleycz@loc.gov,PZfkcjG,1,100,35,6,24
jstrathearnd0@globo.com,nFQN6abP4awa,11,95.4,22,6,14
mnavarred1@spiegel.de,Qn2pykF,7,91.7,28,2,26
lcardinaled2@ycombinator.com,aC49cPU2,8,69,37,1,12
ntandeyd3@patch.com,EvVhakmgww3,9,92.9,45,6,29
olellod4@shinystat.com,huhnDhqi3Xng,5,96.3,20,6,12
bphilpd5@nih.gov,jbh5NhZde,6,94.6,36,3,28
lpendred6@usgs.gov,hrZmRtVpKa,9,99.6,33,2,12
dchansonnaud7@utexas.edu,mJtmY6zPpe,12,81.5,46,7,28
efourmand8@t.co,KtCS3234l3d5,7,81.1,38,7,17
rperrymand9@sogou.com,ZDFxg5Q6o,6,68.2,24,3,15
vsegerda@nbcnews.com,L1eeO49h,6,86.2,38,3,12
sbreederdb@earthlink.net,ubd3ewNWO,7,88.4,27,2,29
tchicchellidc@ihg.com,hnUOId9,11,87.2,27,7,11
rgrinyovdd@tiny.cc,pycFXp,1,79.2,50,6,16
ccoughlinde@digg.com,1bVyhN8mr,12,77.4,25,7,22
dmatanindf@disqus.com,X2y60uiK,7,68,31,1,11
nkerranedg@princeton.edu,xff0Yr,10,75.6,23,4,20
ssatyforddh@csmonitor.com,954Wml1AV,8,71.9,37,4,11
rsleneydi@eepurl.com,MkrdTDwcz8,10,90,44,6,18
cbalderstondj@parallels.com,1XmFP1DQl,11,91.6,22,7,27
kmolinesdk@wikimedia.org,MgVbohAb5B,8,81.1,25,1,19
alacroixdl@linkedin.com,JWcevQ5m8Q7,8,91.2,30,2,10
clivendm@mtv.com,Fc1ul5RHPYnx,1,92.8,32,6,16
gcinodn@mapy.cz,c0JAzPhiLig4,6,99.3,45,5,24
asebastiando@scientificamerican.com,1JcvWe8Yn1b,4,79.9,45,2,14
rwitchelldp@hibu.com,6N1Q3r4okD9,4,96.3,26,4,11
lkleinhandlerdq@usda.gov,u0PjGpmJ,1,81.4,42,5,22
bjerochdr@usnews.com,Pnmk7R,6,89.4,30,5,21
dchalonerds@domainmarket.com,AW5A2beo,8,83.1,30,7,21
cantuonidt@bloomberg.com,ACoEtsm2L4qV,12,86.4,25,3,25
myurovdu@cafepress.com,9FnAR3dyT,6,93.7,26,3,14
lfrankowskidv@pinterest.com,DUqykm,8,80.9,43,1,20
lsnoddydw@facebook.com,3CwN7kLGtOy,10,98.5,47,2,25
jfinnemoredx@1688.com,BmNOET6,2,76.7,25,6,12
eesliedy@paginegialle.it,EFp1a3HMetyj,7,98.8,45,1,20
iroscherdz@imageshack.us,1I6cvajmT,12,90.7,47,2,21
mbeacocke0@hatena.ne.jp,DBhH2F5fwt,7,89.8,35,5,10
rsmurthwaitee1@prweb.com,dv8kJC7AsXRp,10,90.1,50,7,14
kpirriee2@icq.com,zF4wjraFECQ,11,93.3,27,7,15
dvearncombee3@ucla.edu,J6SBNO,6,70,25,5,21
glowdere4@go.com,KSMwQP,7,97.7,44,3,29
vmaylinge5@cdc.gov,iaq2f54C,10,97.4,31,7,17
lshackleforde6@blogger.com,rQeoLbJmgIa6,12,96,49,1,14
tredforde7@ask.com,6sRIyYpK3,3,68.3,21,7,13
jfyrthe8@washington.edu,vCsVVPoDo8ZB,9,86.8,22,5,23
cgonsalvoe9@cnn.com,888k0XwDJf,8,87.3,20,3,18
scoppinsea@independent.co.uk,O4U0U4Y6,7,72,21,7,30
cmateeb@exblog.jp,qzZTrs1Aqyq,7,72.4,36,4,24
cligoeec@ycombinator.com,Cp8aVTUBMf,3,71.7,34,1,15
rmanzed@answers.com,FrZxr8Kde4,3,89.6,43,3,14
gotimonyee@wordpress.org,99vleBe,8,81.2,27,7,29
ndiclaudioef@ning.com,WmAbr5f,1,78.5,22,6,17
ecomminseg@stanford.edu,9DNddb5GY,5,86.9,22,1,20
agallahareh@sakura.ne.jp,3j2y98oi,9,91.7,40,5,20
lanningei@umich.edu,XaGyPJ,1,80.7,42,7,18
bbrendelej@studiopress.com,SFmBhU,9,91.4,30,4,14
agreenallek@auda.org.au,YQFumXs,11,95,38,2,24
dsliteel@twitpic.com,TeDdmAD,10,94.2,29,7,28
mjewiseem@forbes.com,nZtEPOFwB4,6,81.8,22,3,29
mleatheren@i2i.jp,HATacQ5,7,88.1,20,6,29
bfiloneo@noaa.gov,Po9dS422J,6,89.9,46,6,20
alardnarep@illinois.edu,7S5y7fUQTt,2,86.8,26,3,29
nwelbeloveeq@shareasale.com,A76OG9l,4,80.8,40,1,12
tvitlerer@tinyurl.com,DOMYZWD7,2,84,24,4,11
kblecklyes@opera.com,0khjP21c,5,70.9,43,6,25
oquigget@reference.com,pvwRvvFw,6,82.6,38,6,13
ckillbeyeu@indiatimes.com,33eh90MG,6,98.4,38,6,28
mpulfordev@hp.com,DzfPHigrrH,10,86.4,32,4,18
tangraveew@wix.com,JsSF9J4t79ZV,5,73.5,40,3,27
lwinchesterex@mac.com,ySGzhlVn1kis,9,75.8,34,6,28
lmoyseey@instagram.com,eE5jBkl,8,76.2,28,1,20
gspargoez@uol.com.br,5jP02HCXi4,10,78.6,30,6,24
cdaubneyf0@360.cn,ZZMlnLAu8S,4,97.6,35,6,17
ekeetsf1@slashdot.org,lCRtJTn4F,12,97.7,27,5,23
hweldf2@free.fr,lIbd3IKEz,11,72.8,32,4,23
abodef3@free.fr,8P7GRWr7czZ,8,81.3,48,4,13
swhittetf4@myspace.com,56rjSw1w78lC,5,91.8,40,3,17
glowseleyf5@icq.com,LvwtBC7U3,2,81.8,20,3,27
jsharkeyf6@cmu.edu,6RYmAz,5,88.5,37,4,22
alotsf7@businessweek.com,cyht0RiOCujU,9,77.7,34,2,14
pthumnelf8@google.com.br,yqlsyTwY96jG,3,91.7,49,5,20
bcrocettof9@exblog.jp,C2ltzu3A,9,85.3,35,2,18
nbishfa@gov.uk,AOKZCeq85zoM,4,68.5,23,6,23
fmurtellfb@uol.com.br,lRx34L7,7,80.8,22,2,27
sberardtfc@list-manage.com,461i3u5A2rte,8,80.5,34,7,30
cbarracloughfd@nytimes.com,Ja1dyLQd,6,95.6,49,7,21
areemefe@wikipedia.org,W7T95o,4,71.5,46,4,26
lneasamff@wordpress.org,ohT9zAUg,9,80.1,21,1,29
rfettersfg@chicagotribune.com,g1Cf0B21nnBk,2,84.6,41,5,18
lcohanfh@ovh.net,E9Jg76a,9,88.1,36,1,13
nyorkefi@noaa.gov,3Jfxk0,4,83.9,39,5,29
tserminfj@barnesandnoble.com,IhoDJt,5,72.6,29,6,12
mshwennfk@msn.com,KWenoz,4,84.4,20,4,21
dkubickafl@cbc.ca,RLjHkg,9,89.3,38,2,26
panfonsifm@zimbio.com,Fr9MeFZXm,8,89.3,48,7,29
atillyerfn@scribd.com,zhieSns,8,90.3,43,5,17
jmaskillfo@mac.com,zuRxbEM0s,9,98.5,31,1,27
sredhillsfp@indiegogo.com,R8K58w,1,82.3,20,6,29
avaunfq@adobe.com,y4fgL3WvqNN,8,78.6,48,7,13
cwillersonfr@prlog.org,eykeIKwuG,9,82.8,28,7,11
jjaherfs@nih.gov,oDKk41wvV,9,90.1,48,4,18
agomerft@microsoft.com,1bkgzE,4,99.8,37,2,12
mrolstonefu@aol.com,GCUeb7HbSP,9,85.7,42,6,19
sfauxfv@livejournal.com,ohLwG99m,3,84.7,23,1,25
cpawelfw@archive.org,6oYwuIF,11,94.8,50,6,18
dgrundfx@flavors.me,13yyQnd,3,67.1,39,7,17
mbrendfy@washingtonpost.com,Ix2KGgi,5,87.6,49,2,26
rswinfonfz@patch.com,qZOEYKnnSrr,1,88,40,6,30
bjanosevicg0@yolasite.com,xLovto,10,96.2,27,3,28
latyeag1@printfriendly.com,0DXTqjS,4,75.5,48,2,17
ggermaing2@blogtalkradio.com,ujGJ6tZBCyY,1,71.5,38,6,23
ttindleg3@elegantthemes.com,L9bjtHMTrM,9,80.7,26,3,15
gfibbitg4@cyberchimps.com,ALTBC6,5,85.8,30,3,18
charnottg5@gizmodo.com,F9dWLiBB,2,68.7,32,5,28
tdrifeg6@tiny.cc,TIqsIm,7,69.8,23,6,23
wcraythorng7@un.org,twAP8o2RFqzq,10,68.2,22,5,17
mcatog8@dailymotion.com,rry5AA0hes,8,83.9,40,1,12
ahebditchg9@1688.com,UwUqVMRJjAeY,3,78.3,49,4,30
gwarbeyga@chron.com,rxim4hWL,12,80.4,26,4,16
hparlettgb@forbes.com,DRGx7nX,5,74.4,36,5,14
amiccogc@biglobe.ne.jp,5QrvoLlwo,2,71.3,22,2,20
bgreenhallgd@privacy.gov.au,u63bICgq,8,90.2,34,7,25
dburrellge@ihg.com,Nzvigea,12,90.1,37,5,29
clinnygf@simplemachines.org,55hb52NbS,3,74.3,36,5,15
rlattimoregg@symantec.com,ub0dsi6CC,9,95.1,42,2,28
edartergh@flavors.me,cMk2t5l,8,96.4,31,4,17
cgentnergi@discuz.net,6yliJ3zkd1e,6,85.2,38,6,27
gspeddingj@plala.or.jp,2CKdP56,10,91.3,25,1,20
rborthgk@bing.com,J0oWRWp1E,7,90.8,31,7,15
jlivelygl@mozilla.com,ovTfzeLlia,7,80.6,31,2,28
jstubbleygm@t-online.de,zcsFoV,7,68.9,38,4,11
mbeneixgn@cdc.gov,vsQY7zWQXpJ,12,88.4,21,7,22
iwestneygo@google.co.uk,VdfmBU,5,76.9,49,6,29
adimitriougp@sciencedirect.com,nKjQyOa,11,92.2,22,4,26
cstrettlegq@histats.com,cqe7aRgIk,3,99.2,31,4,29
hshovellergr@wikimedia.org,yv3nR3gHtD7,4,80.8,26,2,15
spatronogs@howstuffworks.com,NuiAzmbWI,1,79.2,29,6,13
lwharingt@ca.gov,YADW5x,12,81.3,47,3,14
meiversgu@prlog.org,vhMQdSbmsmp,11,70.1,20,5,14
ohughsgv@ucsd.edu,t0SG6N8hXxl6,6,80.8,24,5,26
cblindermanngw@dropbox.com,JxEf57Bt,6,75.2,39,3,25
cerleygx@wunderground.com,NGjg1wj,2,95.2,26,6,30
kcanepegy@cnn.com,I8oYt8thK,9,72,43,5,15
kbagshawegz@ocn.ne.jp,7LPsxO,9,76.8,49,4,27
tlehrmannh0@feedburner.com,WKpIzLdaD,9,86.6,48,2,24
gwraighteh1@cdbaby.com,Hwmeqdzm,3,71.8,32,1,27
llefebreh2@homestead.com,xYBtD6bHJ0w,1,80.2,25,4,29
mbrownellh3@deviantart.com,GkutQal0dBp,3,93.7,25,4,17
htucknutth4@unicef.org,a3im08YImg,2,71,43,2,28
egraithh5@mac.com,0LOy74R,5,70.9,35,4,10
rhebbesh6@hc360.com,8W80ZexZ,8,82.4,31,3,14
ateasdalemarkieh7@bbb.org,CpFFEJc,1,73.6,25,6,11
trobuchonh8@t.co,5qNtjnL,7,82.7,40,1,30
cmanklowh9@imdb.com,VWTjDY463cB,5,99.3,44,5,10
ptinwellha@sina.com.cn,UWUGd9,3,95.4,20,1,15
ptolomeihb@list-manage.com,NLDjO73EVTc,5,88.7,24,2,13
dsteljeshc@storify.com,0t4ZzZ,10,68.2,31,1,12
ctaleshd@biblegateway.com,lt833kAblpp,11,71.1,28,2,12
dbrughhe@netlog.com,hIYzmAoEpRC,3,87,45,4,14
gasquithhf@indiatimes.com,5uHUVo,11,90.9,44,5,28
bioriohg@pagesperso-orange.fr,Pcoe1d,11,78.9,50,3,18
rpackingtonhh@blogs.com,AehFapRX,3,88.2,36,2,20
kjinkshi@yandex.ru,EDfoJlc,4,95.3,28,4,10
kserganthj@zimbio.com,lg5GsBa4,5,74.2,48,3,27
ggrundellhk@moonfruit.com,1ZrynW8rgSdn,4,79.2,20,4,25
jburgwynhl@paginegialle.it,lOqxcdG3b,11,73,40,7,29
akinglesydhm@biglobe.ne.jp,TNKd6h8l7,1,99,21,2,25
jlockehn@nydailynews.com,2psYpjl,4,84.7,23,4,23
ipinnho@addtoany.com,fBWop73V,2,80.8,50,6,25
cgottschalkhp@wufoo.com,el9unZcA9tL,10,99.7,33,2,29
rspottiswoodehq@mozilla.com,BipzxRt,4,90.5,30,1,16
mvollerhr@mac.com,nWtXGznAqzW,6,68.6,44,3,27
fcossellhs@list-manage.com,afT5wl6TS,2,94.8,41,7,16
kurreyht@newyorker.com,8OKsqliqvD,6,78.8,31,2,22
bpavlovhu@redcross.org,TVKxCTuG8LQV,4,97.3,23,7,20
tmahonyhv@cnn.com,wKdsqW8Cx8,9,99.2,49,5,23
lbiscombhw@a8.net,WPDx4kSLTT8,10,84.4,30,5,24
mkeesehx@g.co,jnYxJbuwtrd1,8,81.8,21,2,18
jhaxbyhy@booking.com,1HzaPwsb,7,86.2,42,5,16
acornshz@goo.gl,kwdR2H,2,73.6,40,7,11
zandreasseni0@mysql.com,KevD9wxJl,9,79.5,30,7,30
lkirkbyi1@clickbank.net,eeghPPfs,9,85.9,30,1,29
llashbrooki2@senate.gov,0ohEPnHv8SU,9,74,30,1,17
rmarzelei3@51.la,oWigBZJQ8,8,81.9,20,2,30
adeguei4@loc.gov,qbfRW4J,7,84.3,35,1,27
khanburryi5@bravesites.com,wt9hjJ1KZ,12,76.5,38,5,10
ftallenti6@eepurl.com,L0UfLQLU,7,80.4,23,1,23
mlangstonei7@patch.com,cLVAUXCo6g,8,94.6,29,6,26
vgasgarthi8@admin.ch,49117ds,1,81.5,44,5,30
ttosdevini9@nih.gov,7u8iF2,4,85.5,20,4,15
sassandriia@oracle.com,e3VcMwSSnDe,7,76,31,7,29
jcorpeib@bbb.org,U6E1cQrsk,7,97.6,40,5,27
tblackieic@topsy.com,KhD0e1k5,9,72.8,45,6,10
bjarmainid@bing.com,uKSyxhR0ERNg,7,88.5,40,6,27
atabourierie@netscape.com,Vgpq8UhrOL,10,93.1,35,5,17
tdomoneif@ameblo.jp,6xh63z,3,76.2,50,3,28
nfennellig@vkontakte.ru,EDwpnKsjdfqU,10,86.2,25,6,26
mmcgiveenih@apple.com,rTgNXso8W,11,76.5,46,4,11
ghemmsii@jiathis.com,uvD2sAlURpL,4,92.4,50,4,11
cgrigoreij@si.edu,LnSoMVZJjEEJ,8,89.1,40,4,24
rnevinik@histats.com,uOcx028Q,9,67.4,45,7,25
nbartalotil@multiply.com,C1r1GCJR,11,88.7,34,3,12
gwinwrightim@4shared.com,kz8Wth1o,11,71.8,28,4,29
pmontaguein@zdnet.com,LdYeOSacQP,9,80.9,34,5,14
rhedderlyio@tinyurl.com,KJvyw3,3,68.8,47,3,17
rbeefonip@google.it,2Me5lZB6IwuX,3,99.5,38,7,30
kbosketiq@cmu.edu,mRGtvwtuC,2,79.7,45,7,27
abeaneyir@timesonline.co.uk,xzf7RBHw,8,90.9,40,2,11
rlongshawis@twitter.com,YWcM8R7G,8,72.8,40,5,13
adonizeauit@wikipedia.org,VdILM2khT,3,80.7,31,1,10
kgillettiu@livejournal.com,K0iyEi,8,84.7,21,1,12
tkingerbyiv@a8.net,RFWS6Fp1oFH,7,97.7,40,2,27
hyveniw@barnesandnoble.com,YoTD2mk2H0G6,3,68.6,39,2,16
sclellandix@nps.gov,80nbG24vdN,5,90.1,41,6,26
ddohertyiy@naver.com,w7ER00,3,93.9,20,1,24
psealsiz@barnesandnoble.com,T1shtspnm,12,69.6,39,4,30
bmckeaneyj0@admin.ch,lGeuTcv,1,88.5,43,7,29
aschonfelderj1@aboutads.info,d73epgTeVb,4,96.6,46,7,24
dallchornej2@google.com.br,EhHvVBFDPeX,3,97.5,22,3,27
ehawsonj3@soup.io,cRBhv4Ho5A,4,95.4,32,7,21
rkingzettj4@digg.com,a0KHPTH,3,67.4,30,6,18
tgaffneyj5@wikia.com,xHYoSrqFFF,4,98,38,7,26
astanesj6@tuttocitta.it,7qtktqvYAL,8,88.2,34,1,13
etomczykowskij7@typepad.com,WX0CDsc35c,8,99.7,40,3,21
bzinij8@boston.com,mq5ezpw5Rmm,10,79.8,33,7,19
sdykaj9@yahoo.co.jp,AyKgKkF0xVmN,9,85.4,33,7,19
sathoweja@cnn.com,3jo2fLeszhF1,5,84.5,43,1,27
mdcostajb@gmpg.org,u7H0ljVaU,4,76.1,34,3,10
lchildersjc@google.co.jp,uSxCzGG,5,92.9,26,2,29
rmartinetsjd@cnbc.com,IvTr0vR,3,69.9,39,4,19
acheccije@hugedomains.com,AXmwar,1,70.8,24,7,10
rfallensjf@ft.com,ZEE5bTSYi,10,83.6,46,7,25
llegassickjg@sourceforge.net,0L2P4Mk8CIX,7,73.2,28,2,21
bwoodisonjh@irs.gov,s4BYgLrl2Wjm,5,76.6,50,4,20
dsprakesji@tripod.com,JF5IBa,6,89.2,36,5,27
rlawrancejj@g.co,eQen4dOd,5,69.1,42,4,25
nhatonjk@vinaora.com,KRdFptlyruhx,1,81.3,28,1,10
cstelljesjl@loc.gov,Sqkm1DeDKC4g,1,76.5,25,5,28
jsayesjm@xing.com,AiEmi5,10,91.7,27,4,22
mnajafianjn@bloglovin.com,tV5Tcvc,2,70.9,42,2,23
mconrathjo@squarespace.com,CT26cC,7,82.1,42,4,17
tkernesjp@nsw.gov.au,QSNOUNGksz,2,97,26,3,11
rfurmanjq@usa.gov,NJdYIO,3,85.6,28,1,29
omonkjr@fastcompany.com,rQeF240,3,98.3,44,6,10
whartnelljs@bluehost.com,53Fj6dRX,8,68.6,46,2,13
snursejt@mit.edu,ZwKZy9x1M,9,73.1,21,7,21
vmadginju@slate.com,AlDxg17,12,75.7,46,3,14
emcgrottyjv@slashdot.org,C2nnKCHGkYGk,9,77.7,50,2,22
ebuckseyjw@linkedin.com,YUxbz9XA1h,3,70.4,23,5,18
rbaldamjx@blogger.com,NPLNRIb4,11,93.1,38,3,24
cnewarkjy@archive.org,0rseUcvTl1l,12,76.1,30,6,13
cbellonjz@gizmodo.com,nSwYQMYnq,2,67.9,21,6,23
jdownsek0@geocities.jp,1rFiUL4,6,94.4,48,4,22
eguinank1@desdev.cn,rdZpH4JkqK7F,7,72.1,21,4,30
cjessek2@craigslist.org,NoCWH0D,1,89.9,48,3,13
bbrakewellk3@ow.ly,deH5dkHss,9,76,24,7,18
hhendrenk4@behance.net,GpliA6AhtF,6,93.4,36,2,10
mdootsonk5@admin.ch,o9gYVvzGLMiI,3,76.4,38,7,20
woenk6@wordpress.org,mDiGL70nGe,8,80.6,48,2,10
mstlouisk7@vistaprint.com,CJFKZTGL7,3,76.2,27,5,21
aallottk8@biglobe.ne.jp,3CT54HZk4PUL,3,70.2,47,5,21
swagstaffk9@oakley.com,jY2I76EyZ,7,87.6,42,4,26
bswanwickka@deliciousdays.com,1A1p2S2We,11,94.9,32,1,20
avandrillkb@unesco.org,jaS4LFo,3,67.8,50,6,11
tpedycankc@biblegateway.com,IG0ms7,10,80.2,21,5,30
blesmondekd@sciencedaily.com,ayUoxlxg,5,86.5,33,2,23
greanke@goodreads.com,hwjUmIuGYFE,7,69.7,20,4,28
tphilippardkf@sciencedirect.com,Pv9RExfeJ47p,5,69.2,20,6,20
hmulryankg@dot.gov,BfuwNWR3y,4,99.7,30,7,18
salberskh@bizjournals.com,CUyNt0,4,71.3,27,7,15
mshutleki@tamu.edu,HKC6yUnE,9,95.7,50,5,10
fjenkingkj@patch.com,OvhBCV,11,77.9,47,1,24
nsiddelekk@npr.org,PS1M1VeKOv,10,73.9,25,3,20
gsawneykl@dyndns.org,a0GbjCujN,11,67.9,36,5,29
cgavaghankm@hugedomains.com,NpgI8lnrJlEh,1,75.6,46,3,26
kbelchampkn@histats.com,alvBl88hZA,7,89.3,43,5,26
adalgettyko@oracle.com,nO256w5NpA,6,85.8,23,2,27
ereckkp@plala.or.jp,0T5xRm6F,3,95.5,35,4,17
psalamonkq@comcast.net,SV738WmVvC,4,92.7,46,7,21
rskurmkr@earthlink.net,ibYS8VLc8J8s,4,92.8,26,2,30
alarensonks@state.gov,5qpvUM,6,67.7,32,6,20
ssawbridgekt@mtv.com,i1zzQsKU,11,68,41,2,30
smcbratneyku@bbc.co.uk,Gaen6cqW,10,83,49,3,22
jsteenkv@biglobe.ne.jp,zdqi5IB7kMzQ,11,87.1,34,6,19
lcummungskw@soundcloud.com,T08H1pRpHYpl,1,99.8,39,7,17
hrussonkx@amazon.com,24wxNu1il,7,98.4,47,3,17
icalleyky@mayoclinic.com,pvhXqiGH2to1,2,72.8,25,1,15
rseagrovekz@soup.io,QJHg4kIGI,2,86.9,29,6,10
sguitell0@cdc.gov,A2Th9fYiny,6,95,23,6,24
bjirickl1@cbslocal.com,KEFO6nc3zZHd,10,70.8,29,3,24
ltestol2@networkadvertising.org,XYCZbOThQJWn,1,74.5,39,2,14
aberthel3@people.com.cn,NWcaKNo,8,82.9,48,4,17
stommasettil4@example.com,sInUfQHApa,1,77,27,4,14
hbearwardl5@chron.com,KeaUPZZau,1,69.7,48,6,21
msnodayl6@xrea.com,nAGC2hxblNc9,2,73.8,31,2,15
flyonsl7@yellowbook.com,0jNbtOI,3,68,38,4,16
eiannellol8@census.gov,ft7LzRbvgQzt,6,94.2,49,5,26
lstrowtherl9@rakuten.co.jp,FVbsuU,9,81.2,33,4,18
afischerla@irs.gov,9ZgRPLKGwb,6,77.9,35,4,28
jcordeylb@goo.gl,8zSSAUD6m,12,80.3,23,1,14
cdomaneklc@psu.edu,SSrXCpiqtKS,2,94.9,29,3,24
rheasleyld@technorati.com,nfBxnXjxq3,3,96.6,46,4,19
tvanhallele@joomla.org,jJowvo0N0,11,95.6,31,3,20
bdaleylf@vk.com,75Lar3c0H,11,76.8,44,6,17
dhanwrightlg@spiegel.de,dGrfVIkGZjuy,11,72.2,50,4,22
lprivettlh@noaa.gov,zg7zdHMz,2,80.6,43,7,16
akittmanli@wiley.com,DEvZm3SCEara,8,93.6,31,6,10
bkeavylj@discovery.com,IRgUkTW4KBOt,5,81.6,32,6,22
lhuglelk@dropbox.com,0pzGsg,12,73,31,2,11
nborrowmanll@topsy.com,58syjV,10,86.2,23,3,11
nabbielm@nydailynews.com,3pZXJZwH,7,77.3,24,7,13
hmenichiniln@dailymail.co.uk,SFA3ym5SfB,1,80.5,36,7,23
parcaselo@ning.com,yFirQxOI7d7,9,71.6,26,7,23
bsisnettlp@microsoft.com,pdZR0c6uR,8,68.5,41,4,18
rantonnikovlq@berkeley.edu,ndLkbYC2Kpu,8,96.4,44,5,26
smcdonaldlr@rakuten.co.jp,vv6p1mhPB,8,87.6,49,1,17
mlandalls@360.cn,7LdRc5,9,95.3,49,1,26
pgarnsworthlt@statcounter.com,rT5B5eFmJe,6,87.8,27,3,10
tvanbruggenlu@ucoz.ru,t07gqc4Fwp76,6,72.3,34,7,28
cmatherlv@nationalgeographic.com,dn5Md5u1Cr,5,67.5,31,5,29
evancassellw@de.vu,uHTaaakcj63,5,73.1,50,7,16
rvequelx@wp.com,TdRKuWYZ3,7,86.9,33,1,17
acaizleyly@go.com,HfshmILW5,12,93.8,22,4,27
cstuttmanlz@unblog.fr,fPCYTne,9,92.6,33,1,13
lbaptiem0@state.tx.us,BueOgxOawM9,9,89.6,30,3,23
gbrosinim1@ifeng.com,WAg4N3i,7,89.2,32,6,14
cgourliem2@rakuten.co.jp,DF41kQ,5,81.9,25,5,16
adibartolommeom3@360.cn,fYBSoZ2i,1,85.8,20,1,17
eblowfeldem4@ycombinator.com,m7xBgTrP,6,81.8,48,4,19
adrissellm5@cdbaby.com,czYq3yx,10,85.7,42,4,14
edaintierm6@opera.com,Ef5nJC,12,98.4,47,4,24
ebenechm7@istockphoto.com,mjafdLx,1,91,40,1,28
vwoodallm8@ca.gov,ES9yluS,4,88,35,1,16
fgreenstockm9@mozilla.com,T2FRC2o,7,80.9,30,6,27
aeddenma@slashdot.org,tt7i55X46,7,76.4,29,5,13
dlashmoremb@omniture.com,NuvRbNgz8DmU,4,74.4,23,5,28
acoleyshawmc@php.net,DGtlt7EjCm,1,92.8,46,6,10
lstaleymd@weebly.com,Te83fH,7,72.6,23,2,21
nibanme@live.com,sCwJZQ6QZ84w,10,89.6,48,3,26
mmcgonnellmf@github.com,Mh5qoc,10,94.2,33,2,26
hdavidescumg@studiopress.com,hyuTHVIcS,7,83.2,46,7,18
oseamermh@wisc.edu,9Licz1,9,90.2,50,6,16
wflookmi@businesswire.com,jMhbEoeoTez,11,97,29,6,13
jjohananoffmj@google.com.br,dzr910,9,97.7,49,4,24
cvogelemk@cdc.gov,EQcGL6b3h,10,85.9,40,7,17
oleavesleyml@google.it,PHa9kT2pJ1l,1,99.9,30,7,14
rbestallmm@discovery.com,puBjrv8rCt,12,85.7,37,5,15
chavvockmn@jiathis.com,SqOrbiS,4,67.3,24,3,16
mfumagallmo@marriott.com,bKQZvDjVs,11,80,49,3,18
fisseleemp@google.com.au,trQSZ3GAhkbq,9,82.4,46,4,25
dforseymq@dmoz.org,bznCj11yYF,1,74.1,43,3,25
jribeymr@economist.com,jPciQe,8,95.7,43,6,13
sfeenyms@pagesperso-orange.fr,GG5OQRpHFpL,10,99.5,26,5,13
kmuccimt@youku.com,2DNgTc3Xyl,7,76.1,36,4,19
hdesantosmu@hubpages.com,01JIsdRfau5i,4,92.8,37,7,19
dokennymv@ycombinator.com,ymNKeT,8,99.4,33,3,27
ccrantonmw@digg.com,i7Mff7CA,5,76.4,44,1,17
tlarhammx@altervista.org,Q8PHlb9jI,6,83.7,46,5,17
cmcloneymy@msn.com,t5TmpaoHSa5,7,71.5,26,7,21
mkingswoldmz@nsw.gov.au,FZhPHKdoITr,7,88.5,28,4,19
lwoodruffen0@google.com.au,ds5i2mvz,9,68.9,24,5,15
vfahrenbachern1@fc2.com,vKpOanNlvy,10,71.1,46,3,30
gspinettin2@ameblo.jp,mPxMrbH,4,93.1,24,2,22
ftoffolon3@redcross.org,9Qn8Vd9A3,1,95.9,30,4,14
lemmsn4@thetimes.co.uk,m4w6tTC78Pji,3,97.5,27,5,24
pkeddeyn5@comsenz.com,b98TwGzD,1,70,35,3,28
ahestropn6@tripod.com,EHsyuyUT1vmU,5,96,40,2,28
erobbeln7@chicagotribune.com,g0iQ27j7L,1,75.5,50,3,10
mclearyn8@diigo.com,WOHNsVk,11,74.6,42,4,26
bmanfordn9@weebly.com,Mf102J,9,91.1,26,6,26
jmaudsonna@examiner.com,qrWxdX8imZi,2,78.9,22,1,17
bedsallnb@reverbnation.com,rtM4ysQ5Z,10,76.9,39,7,11
jrichenc@abc.net.au,97UPX9ZxET,5,69,20,2,21
jborresnd@cbslocal.com,eVAW1AFtSpUA,10,84.8,48,6,27
bbethelne@jugem.jp,F3heC1i4v,4,79.4,39,3,10
fvannuchinf@facebook.com,q8KSnBIhoLS,3,99.9,43,3,23
sderleng@yandex.ru,OPU6rslOm5,9,86.7,31,6,14
fstelljesnh@ted.com,7zGWvk2cl,5,96.7,38,4,19
gdominiqueni@odnoklassniki.ru,nQ06MbG7,3,92.4,22,3,14
kgorinj@ucoz.ru,J114lpTdI,9,78.9,20,7,13
bmcquarrienk@clickbank.net,K23IerDJ,12,95.2,39,4,17
ssketchernl@flickr.com,Ix1WcrGV,6,74.5,20,1,23
ssprakesnm@buzzfeed.com,PD5vliNwH,10,94.8,38,4,12
ytenbynn@delicious.com,cmFaDIL,1,77.7,33,6,13
ehalburtonno@jimdo.com,wGsQPxmQvMF,8,75.8,28,4,18
ddanetnp@independent.co.uk,Gx5vRj,4,85.8,41,2,24
nscrammagenq@etsy.com,9g7PMirmFW,10,93.6,36,1,14
sgilhespynr@bbc.co.uk,rZRK9lnrp,6,76.7,25,7,19
lpolyens@chron.com,HdTQQO,3,76.7,26,7,11
mlongfellownt@wikia.com,6WE50xQFq,6,79,46,2,13
jpiotrkowskinu@bloomberg.com,PnzP9Ajr6MSe,7,96.7,44,4,10
sshawyernv@slate.com,jphjRi,10,77.3,28,7,15
sbernonnw@marriott.com,zou2neu,11,84.8,45,5,15
lstanmernx@toplist.cz,GUYT5OkYDMs,3,91.9,42,4,13
mdundredgeny@google.ru,ZtEqqkr,5,72.9,38,6,20
klivingstonenz@wsj.com,OJ74SP,11,98.2,36,4,12
jleithharveyo0@hubpages.com,UQOSP54Wf,7,87.1,29,2,11
tingilsono1@sphinn.com,NzbRjDkOf,11,71.3,27,3,20
hsterndaleo2@gnu.org,nJq27vUszMMg,7,74.3,23,3,10
jgamageo3@twitter.com,e3MzZUOg2T6,6,73.4,25,1,11
agrento4@dmoz.org,IjqulEzZFEV,5,95.4,22,7,14
ymaccafferkyo5@who.int,8Y3JKAylXvBA,5,76.7,44,4,23
aodoghertyo6@sbwire.com,na4ygpkb,4,85.1,22,2,10
cblackallero7@dedecms.com,mpPMQQ6HV,2,85.1,39,6,10
gbeszanto8@youtube.com,NavvvbNi,3,79.8,20,4,22
mdeclerco9@spotify.com,t7zsZT,10,97.8,26,2,15
pganniclifftoa@statcounter.com,UNTIw46vv,2,89,30,6,25
agrasserob@amazon.com,p3iVA3,3,93.2,34,5,16
cupshalloc@sakura.ne.jp,fZvR2jz1,12,79.6,24,3,25
emacellenod@constantcontact.com,GGSksAiqzc,1,98,37,4,12
splaydenoe@uiuc.edu,HPZBsi8f,7,77.4,36,2,17
ggosfordof@goo.gl,XXhKdo3RcN,3,98.1,50,1,23
talvaradoog@wp.com,jmt5ExHl9ZvX,5,74.6,31,7,16
sbanyardoh@amazon.co.uk,cajswesjG,8,87.7,35,4,27
umurtyoi@noaa.gov,Tcscn6jV,6,82.3,29,2,25
arickardssonoj@foxnews.com,Q3k5VBI,8,78,27,4,26
bsplevinsok@mozilla.com,UheLaNr,8,87.4,47,3,26
earnoutol@t-online.de,iHOJb6bQLhB,9,93.2,34,6,30
bpopplestonom@eventbrite.com,SXTGyd,2,77,26,4,23
abartaloton@livejournal.com,7KlkuY,8,80.6,24,5,10
ewonteroo@time.com,6O8BqQArTmO,10,92.4,25,4,13
dgouldthorpop@booking.com,PzB4cUZ,8,70.6,34,4,20
wwernhamoq@si.edu,cIAOLczRujP,1,75,49,6,23
mwillsheeor@columbia.edu,9jXLtWx7v,4,90.5,33,1,14
kgummoryos@cnn.com,8f0MR3Zb,2,91,29,2,29
fharoldot@bing.com,YMnC2dticYN,6,83,35,3,24
tducastelou@nymag.com,tPxa20epoXC7,4,98.2,20,5,14
cselesnickov@umn.edu,5e9yBrfYq,10,81.6,23,2,17
mhardistyow@theglobeandmail.com,uZLF82Mtq,11,89.6,21,3,17
cpancostox@gizmodo.com,jHAWHex,1,68.7,40,7,25
uheadeyoy@oakley.com,oQnc8QNho,7,72.2,21,1,30
adurnalloz@adobe.com,UBvPNX,1,84,49,4,14
tinchp0@smh.com.au,j8JTh1nS,10,98.5,25,2,19
jceccolip1@nymag.com,G320Tn9VURty,2,69,48,5,10
lpierceyp2@loc.gov,GZK2DX1cF,1,75,24,4,21
jbeckersp3@boston.com,EnnHAT7Af,8,93.3,43,4,23
jsantp4@usnews.com,zCpIW50mt90,2,78.9,47,4,23
eoffenerp5@bing.com,W7mlru,6,82.5,28,2,30
mastallp6@un.org,ChvKqD,8,85,30,3,29
bwickensp7@ucsd.edu,gdYFNFX,7,99.2,47,2,10
nsodoryp8@icq.com,4UsfiXfpji,7,73.1,22,6,17
ryellowleyp9@rediff.com,S8CcLnxAwM,4,89.5,28,3,23
openleypa@deliciousdays.com,C98gl6o8,3,89.2,37,6,18
wsheddanpb@google.com.au,pQTRuQUfR1,10,67.7,24,6,27
ppaddiepc@zimbio.com,WhA8qW,9,88.6,32,2,23
lharrissonpd@bbb.org,mk19krXiv3N,2,73.3,24,2,18
wjoseffpe@hud.gov,FsaMSJaJA,5,94.5,39,1,23
cfreedpf@tinypic.com,kfsblyhqVTBo,5,95.4,26,4,26
tmordeypg@paypal.com,CKSyRP,10,80.1,23,4,20
ewoffindenph@opera.com,A2LHxAYl4Z,5,89.2,47,4,15
bswannpi@patch.com,CVpcu5,9,93.8,32,5,13
aplacstonepj@tripadvisor.com,S3LSmf6apWv,5,70.6,49,6,19
prichardotpk@fotki.com,RvDfapve,6,68.1,42,1,24
crussilllpl@etsy.com,NKPHwB,7,95.1,26,6,22
pchappellepm@icio.us,i2tY1rrYXO,11,99.3,46,5,17
bbarnardpn@youku.com,0SIt3GV,3,92.6,37,7,10
tcolmanpo@omniture.com,K7QtJprdf2Hj,9,84.2,44,5,25
gmeasurespp@sakura.ne.jp,fCd8LltVT,11,75.8,37,3,23
bdalliwaterpq@usnews.com,KZmRLED3skw,7,92.8,47,3,23
skigelmanpr@sfgate.com,sEyuivK,6,97.8,25,7,26
sshemminps@example.com,UTAyivMV9U,5,78.2,25,7,18
dhawneypt@ning.com,JtpTvHWkyl,11,96.6,31,7,15
ksellwoodpu@hao123.com,MYzpbOTkBRz,6,87.7,26,6,15
bwennpv@uiuc.edu,a46w2OcPkZ,12,91.1,40,2,19
gtimsonpw@cam.ac.uk,hkMAVmsqiZ2,5,87.2,42,4,18
cmuttonpx@imageshack.us,MtVmanV43x,1,81.3,32,1,23
rcolganpy@sitemeter.com,MwuubPvXVb,6,78.9,26,3,25
bsnashallpz@umn.edu,4HYJHscUIWah,1,76.3,40,6,24
fcallesq0@tinyurl.com,PH3391VM,4,74.3,24,6,24
scransonq1@sciencedirect.com,tnOHpjkFX,7,70.1,28,5,30
tnormavilleq2@imageshack.us,xqaX5RC,9,73.8,28,1,22
skilfetherq3@exblog.jp,SBlEBD,1,68.5,21,4,24
challowayq4@gizmodo.com,5FtHLMY5mn,9,93.5,46,5,11
qfurmingerq5@e-recht24.de,pToXM1cR,4,72.2,33,7,15
smilthorpeq6@mozilla.com,CbNoW7P,4,86.8,26,6,14
dmeadusq7@goodreads.com,88fyvm,8,94.8,22,6,13
mdowseyq8@narod.ru,C29mr24,12,85.9,21,6,22
dcrebottq9@spotify.com,Lc0haDJP32,12,83.5,31,5,26
rstowersqa@twitpic.com,9RKUIZHQ,1,71.4,20,6,20
cmulfordqb@tinyurl.com,7C6Gth8,8,91.4,49,6,26
hsibbaldqc@rambler.ru,SYvCuxUo6LM1,11,68.7,30,7,29
saishfordqd@unblog.fr,BPhfVxOY,7,73.6,47,6,10
cninnottiqe@vkontakte.ru,PJaxhnPac,11,67.4,45,3,26
kembureyqf@clickbank.net,CFUp0JWwWb,4,88.6,45,2,25
bswiffinqg@ask.com,pwgBHmR0I,11,94.1,29,3,11
amacskeaganqh@xrea.com,qdqk72V,10,89.7,30,2,27
psimonelliqi@eepurl.com,1P8pofV9KAo,9,80.8,40,7,11
yborleaseqj@linkedin.com,qrMtS364,2,88.4,31,6,22
kgreestqk@apple.com,UPA29ykfFZ,9,94.4,35,2,21
bwinterql@jalbum.net,9yxl8rlWvUK,6,82.2,47,5,30
vpoletqm@house.gov,D0sqc3BWR9,11,93.5,39,1,15
whallettqn@nasa.gov,VSpKeNIpdKHE,12,76,23,3,14
rpriumqo@economist.com,eka3IYXMPy,4,82,47,1,23
mmeaderqp@gravatar.com,FMK3Eecz9OfP,9,91.8,30,7,22
iridelqq@ustream.tv,bkKJnI3ebOdV,2,93,31,2,29
ibigriggqr@themeforest.net,kkTAGquZWEPH,2,73.8,47,3,30
psidlowqs@statcounter.com,MWphp3ot,2,82.6,36,3,16
crushmereqt@nps.gov,vDUWZf1cu3,8,70.2,28,4,23
tkirwoodqu@about.me,xAxsII,8,91.6,49,3,11
arushmanqv@ted.com,KqiUbflv,9,88.4,49,4,14
fhedditchqw@scribd.com,E1rHiTvOePCg,7,77.1,38,2,18
scliburnqx@smugmug.com,Zme4Ku,8,68.8,21,7,23
lvalderqy@moonfruit.com,W16dMl5VvoS,3,84.5,50,2,23
cwildtqz@hugedomains.com,si3U99kCFHr,1,72.4,30,2,20
npenningr0@delicious.com,RzXz8Vzd,1,76.9,31,6,25
dsawellr1@angelfire.com,XIDfqQt,8,81.7,24,1,21
rcheckleyr2@goo.gl,OAlpxtbnW,5,74.7,22,7,18
cangeaur3@amazonaws.com,nwmteVmE,10,80.1,43,2,15
lmcduffr4@youku.com,XxxyAv,2,92.9,49,3,24
isancroftr5@posterous.com,tJOZFr3m,6,92.2,35,5,25
mbreckellr6@oaic.gov.au,9cPXYXUVT4gZ,7,90.2,35,2,29
jdrissellr7@amazon.de,C6M0AfgVpRrZ,10,70.6,41,5,25
jnewsteadr8@springer.com,rD7BUTWmwFh2,5,67.9,33,4,15
hmolyneuxr9@newsvine.com,6UIlN10bF,7,96.5,38,5,15
kcutchiera@nba.com,8ucdhWwhNo,7,75.2,23,6,12
ebagniukrb@shareasale.com,CMvJ7Z,4,80.6,22,2,30
lunderhillrc@moonfruit.com,A8bkewkahT,11,76.2,36,7,14
aseadonrd@bloomberg.com,FcbDwz3UdM8,7,87,35,7,17
lmayorre@thetimes.co.uk,YMGmrBvjcb8R,4,84.6,29,3,13
dwyburnrf@spotify.com,zjsAVCvslU,12,67.5,20,5,28
egladhillrg@intel.com,qiH9xOFv3,6,71.1,42,4,25
csegerrh@amazon.co.jp,H3OGI4vhNPa,8,77,43,1,21
cwhitebreadri@homestead.com,c0s9PRC,5,71.3,24,1,27
jloxdalerj@seattletimes.com,13MocF,8,81,27,1,13
rwybrewrk@bluehost.com,JDiXQw7CQej,1,78.8,50,5,10
clinhamrl@typepad.com,JWX4dtVN4gdZ,1,86.9,24,2,21
nshawrm@cocolog-nifty.com,0d5OXLmnBMdr,2,83.5,47,2,21
jquaifern@techcrunch.com,jDz8abPOG9,6,94.8,21,2,22
mlodewickro@buzzfeed.com,j3DO8ERj2Lt,10,78.9,38,7,27
jchilderp@hubpages.com,4qZaVjqT,5,80.3,31,7,13
mbergrq@weebly.com,HrjPYcYSUU,1,99.1,37,5,13
kcamossorr@harvard.edu,2GqLg0gOWrPk,7,69.4,41,6,11
